question_id,model,run1_winner,run2_winner_mapped,winner_after_swap,run1_reason,run2_reason,latency_ms
1,gpt-4o-mini,B,B,B,"Answer B provides additional details by naming the metric and specifying the evaluation layer affected, enhancing its relevance and comprehensiveness.","Answer A provides additional context by naming the metric and citing the affected evaluation layer, making it more informative.",7284.43
2,gpt-4o-mini,B,B,B,"Answer B provides additional details by naming the metric and specifying the affected evaluation layer, making it more informative.","Answer A provides additional context by naming the metric and specifying the affected evaluation layer, enhancing its relevance and clarity.",4566.84
3,gpt-4o-mini,B,B,B,"Answer B provides additional details by naming the metric and citing the affected guardrail, making it more informative.","Answer A provides additional detail by naming the metric and specifying which evaluation layer is affected, enhancing its relevance and completeness.",2585.32
4,gpt-4o-mini,B,B,B,"Answer B provides additional relevant detail by naming the metric and specifying the evaluation layer affected, making it more informative.",Answer A provides a more complete response by naming the metric and citing the affected evaluation layer.,2874.91
5,gpt-4o-mini,B,B,B,"Answer B provides additional detail by naming the metric and specifying the evaluation layer affected, which enhances its relevance and thoroughness.",Answer A is more comprehensive as it includes information on the metric's name and its relation to the evaluation layer.,3544.67
6,gpt-4o-mini,B,B,B,"Answer B provides additional detail by naming the metric and citing the affected evaluation layer, enhancing relevance and specificity.","Answer A provides more detailed information by naming the metric and indicating the specific evaluation layer affected, adding to its relevance and factual completeness.",4355.8
7,gpt-4o-mini,B,B,B,"Answer B provides additional information about the metric and its impact on the evaluation layer, enhancing its relevance and completeness.","Answer A is more informative as it mentions the metric and cites the affected evaluation layer, providing a fuller context.",3264.28
8,gpt-4o-mini,B,B,B,"Answer B provides additional details about the metric and the affected evaluation layer, enhancing its relevance and completeness.","Answer A provides additional context by naming the metric and specifying the affected guardrail, enhancing factual accuracy and relevance.",2859.13
9,gpt-4o-mini,B,B,B,"Answer B provides additional details about the metric and its impact, making it more informative.","Answer A provides additional detail by naming the metric and specifying the affected evaluation layer, enhancing clarity and completeness.",6075.24
10,gpt-4o-mini,B,B,B,"Answer B provides additional detail by naming the metric and citing the specific evaluation layer affected, making it more informative and relevant.","Answer A provides additional details about the metric and evaluation layer, enhancing factual accuracy and relevance.",3558.98
